{
  "astro:moon:local": {
    "class": "org.eclipse.smarthome.config.discovery.internal.DiscoveryResultImpl",
    "value": {
      "thingUID": {
        "segments": [
          "astro",
          "moon",
          "local"
        ]
      },
      "thingTypeUID": {
        "segments": [
          "astro",
          "moon"
        ]
      },
      "properties": {
        "geolocation": "41.901004,12.43666,0"
      },
      "representationProperty": "geolocation",
      "flag": "NEW",
      "label": "Local Moon",
      "timestamp": 1554890618296,
      "timeToLive": -1
    }
  },
  "astro:sun:local": {
    "class": "org.eclipse.smarthome.config.discovery.internal.DiscoveryResultImpl",
    "value": {
      "thingUID": {
        "segments": [
          "astro",
          "sun",
          "local"
        ]
      },
      "thingTypeUID": {
        "segments": [
          "astro",
          "sun"
        ]
      },
      "properties": {
        "geolocation": "41.901004,12.43666,0"
      },
      "representationProperty": "geolocation",
      "flag": "NEW",
      "label": "Local Sun",
      "timestamp": 1554890618294,
      "timeToLive": -1
    }
  }
}