{
  "PotenzaCDZ1": {
    "class": "org.eclipse.smarthome.core.items.ManagedItemProvider$PersistedItem",
    "value": {
      "groupNames": [],
      "itemType": "Number",
      "tags": [],
      "label": "Potenza CDZ1  [%.1f W]",
      "category": "energy"
    }
  },
  "PotenzaCDZ2": {
    "class": "org.eclipse.smarthome.core.items.ManagedItemProvider$PersistedItem",
    "value": {
      "groupNames": [],
      "itemType": "Number",
      "tags": [],
      "label": "Potenza CDZ2 [%.1f W]",
      "category": "energy"
    }
  },
  "Condizionatore1": {
    "class": "org.eclipse.smarthome.core.items.ManagedItemProvider$PersistedItem",
    "value": {
      "groupNames": [],
      "itemType": "Switch",
      "tags": [],
      "label": "Condizionatore 1",
      "category": "fan"
    }
  },
  "SerieFinestre": {
    "class": "org.eclipse.smarthome.core.items.ManagedItemProvider$PersistedItem",
    "value": {
      "groupNames": [],
      "itemType": "Switch",
      "tags": [],
      "label": "Serie Finestre[MAP(finestre.map):%s]",
      "category": "window"
    }
  },
  "Condizionatore2": {
    "class": "org.eclipse.smarthome.core.items.ManagedItemProvider$PersistedItem",
    "value": {
      "groupNames": [],
      "itemType": "Switch",
      "tags": [],
      "label": "Condizionatore 2",
      "category": "fan"
    }
  },
  "SunElevation": {
    "class": "org.eclipse.smarthome.core.items.ManagedItemProvider$PersistedItem",
    "value": {
      "groupNames": [],
      "itemType": "Number:Angle",
      "tags": [],
      "label": "Sole Elevazione",
      "category": "sun"
    }
  },
  "SunSet": {
    "class": "org.eclipse.smarthome.core.items.ManagedItemProvider$PersistedItem",
    "value": {
      "groupNames": [],
      "itemType": "DateTime",
      "tags": [],
      "label": "Tramonta",
      "category": "sunset"
    }
  },
  "SunRise": {
    "class": "org.eclipse.smarthome.core.items.ManagedItemProvider$PersistedItem",
    "value": {
      "groupNames": [],
      "itemType": "DateTime",
      "tags": [],
      "label": "Sorge",
      "category": "sunrise"
    }
  },
  "RilevatoriFumo": {
    "class": "org.eclipse.smarthome.core.items.ManagedItemProvider$PersistedItem",
    "value": {
      "groupNames": [],
      "itemType": "Switch",
      "tags": [],
      "label": "Rivelatori di fumo [MAP(fumo.map):%s]",
      "category": "smoke"
    }
  },
  "EnergiaCDZ1": {
    "class": "org.eclipse.smarthome.core.items.ManagedItemProvider$PersistedItem",
    "value": {
      "groupNames": [],
      "itemType": "Number",
      "tags": [],
      "label": "Energia CDZ1 [%.1f kWh]",
      "category": "energy"
    }
  },
  "Location": {
    "class": "org.eclipse.smarthome.core.items.ManagedItemProvider$PersistedItem",
    "value": {
      "groupNames": [],
      "itemType": "Location",
      "tags": [],
      "category": "movecontrol"
    }
  },
  "EnergiaCDZ2": {
    "class": "org.eclipse.smarthome.core.items.ManagedItemProvider$PersistedItem",
    "value": {
      "groupNames": [],
      "itemType": "Number",
      "tags": [],
      "label": "Energia CDZ2  [%.1f kWh]",
      "category": "energy"
    }
  }
}