{
  "RilevatoriFumo -\u003e zwave:device:05463742:node3:sensor_binary2": {
    "class": "org.eclipse.smarthome.core.thing.link.ItemChannelLink",
    "value": {
      "channelUID": {
        "segments": [
          "zwave",
          "device",
          "05463742",
          "node3",
          "sensor_binary2"
        ]
      },
      "configuration": {
        "properties": {
          "profile": "system:default"
        }
      },
      "itemName": "RilevatoriFumo"
    }
  },
  "Date -\u003e ntp:ntp:local:dateTime": {
    "class": "org.eclipse.smarthome.core.thing.link.ItemChannelLink",
    "value": {
      "channelUID": {
        "segments": [
          "ntp",
          "ntp",
          "local",
          "dateTime"
        ]
      },
      "configuration": {
        "properties": {
          "profile": "system:default"
        }
      },
      "itemName": "Date"
    }
  },
  "SunSet -\u003e astro:sun:local:set#start": {
    "class": "org.eclipse.smarthome.core.thing.link.ItemChannelLink",
    "value": {
      "channelUID": {
        "segments": [
          "astro",
          "sun",
          "local",
          "set#start"
        ]
      },
      "configuration": {
        "properties": {
          "profile": "system:default"
        }
      },
      "itemName": "SunSet"
    }
  },
  "SerieFinestre -\u003e zwave:device:05463742:node3:sensor_binary1": {
    "class": "org.eclipse.smarthome.core.thing.link.ItemChannelLink",
    "value": {
      "channelUID": {
        "segments": [
          "zwave",
          "device",
          "05463742",
          "node3",
          "sensor_binary1"
        ]
      },
      "configuration": {
        "properties": {
          "profile": "system:default"
        }
      },
      "itemName": "SerieFinestre"
    }
  },
  "Condizionatore2 -\u003e zwave:device:05463742:node4:switch_binary1": {
    "class": "org.eclipse.smarthome.core.thing.link.ItemChannelLink",
    "value": {
      "channelUID": {
        "segments": [
          "zwave",
          "device",
          "05463742",
          "node4",
          "switch_binary1"
        ]
      },
      "configuration": {
        "properties": {
          "profile": "system:default"
        }
      },
      "itemName": "Condizionatore2"
    }
  },
  "Condizionatore1 -\u003e zwave:device:05463742:node2:switch_binary1": {
    "class": "org.eclipse.smarthome.core.thing.link.ItemChannelLink",
    "value": {
      "channelUID": {
        "segments": [
          "zwave",
          "device",
          "05463742",
          "node2",
          "switch_binary1"
        ]
      },
      "configuration": {
        "properties": {
          "profile": "system:default"
        }
      },
      "itemName": "Condizionatore1"
    }
  },
  "SunRise -\u003e astro:sun:local:rise#start": {
    "class": "org.eclipse.smarthome.core.thing.link.ItemChannelLink",
    "value": {
      "channelUID": {
        "segments": [
          "astro",
          "sun",
          "local",
          "rise#start"
        ]
      },
      "configuration": {
        "properties": {
          "profile": "system:default"
        }
      },
      "itemName": "SunRise"
    }
  },
  "PotenzaCDZ1 -\u003e zwave:device:05463742:node2:meter_watts": {
    "class": "org.eclipse.smarthome.core.thing.link.ItemChannelLink",
    "value": {
      "channelUID": {
        "segments": [
          "zwave",
          "device",
          "05463742",
          "node2",
          "meter_watts"
        ]
      },
      "configuration": {
        "properties": {
          "profile": "system:default"
        }
      },
      "itemName": "PotenzaCDZ1"
    }
  },
  "SunElevation -\u003e astro:sun:local:position#elevation": {
    "class": "org.eclipse.smarthome.core.thing.link.ItemChannelLink",
    "value": {
      "channelUID": {
        "segments": [
          "astro",
          "sun",
          "local",
          "position#elevation"
        ]
      },
      "configuration": {
        "properties": {
          "profile": "system:default"
        }
      },
      "itemName": "SunElevation"
    }
  },
  "PotenzaCDZ2 -\u003e zwave:device:05463742:node4:meter_watts": {
    "class": "org.eclipse.smarthome.core.thing.link.ItemChannelLink",
    "value": {
      "channelUID": {
        "segments": [
          "zwave",
          "device",
          "05463742",
          "node4",
          "meter_watts"
        ]
      },
      "configuration": {
        "properties": {
          "profile": "system:default"
        }
      },
      "itemName": "PotenzaCDZ2"
    }
  },
  "EnergiaCDZ1 -\u003e zwave:device:05463742:node2:meter_kwh": {
    "class": "org.eclipse.smarthome.core.thing.link.ItemChannelLink",
    "value": {
      "channelUID": {
        "segments": [
          "zwave",
          "device",
          "05463742",
          "node2",
          "meter_kwh"
        ]
      },
      "configuration": {
        "properties": {
          "profile": "system:default"
        }
      },
      "itemName": "EnergiaCDZ1"
    }
  }
}