<node>
  <homeId>0xe914308a</homeId>
  <nodeId>4</nodeId>
  <version>4</version>
  <manufacturer>0x10f</manufacturer>
  <deviceId>0x1000</deviceId>
  <deviceType>0x403</deviceType>
  <listening>true</listening>
  <frequentlyListening>false</frequentlyListening>
  <routing>true</routing>
  <security>false</security>
  <beaming>true</beaming>
  <maxBaudRate>40000</maxBaudRate>
  <sleepDelay>1000</sleepDelay>
  <nodeInformationFrame>
    <commandClass>COMMAND_CLASS_ZWAVEPLUS_INFO</commandClass>
    <commandClass>COMMAND_CLASS_VERSION</commandClass>
    <commandClass>COMMAND_CLASS_MANUFACTURER_SPECIFIC</commandClass>
    <commandClass>COMMAND_CLASS_SWITCH_BINARY</commandClass>
    <commandClass>COMMAND_CLASS_DEVICE_RESET_LOCALLY</commandClass>
    <commandClass>COMMAND_CLASS_ASSOCIATION_GRP_INFO</commandClass>
    <commandClass>COMMAND_CLASS_ASSOCIATION</commandClass>
    <commandClass>COMMAND_CLASS_POWERLEVEL</commandClass>
    <commandClass>COMMAND_CLASS_CRC_16_ENCAP</commandClass>
    <commandClass>COMMAND_CLASS_CONFIGURATION</commandClass>
    <commandClass>COMMAND_CLASS_METER</commandClass>
    <commandClass>COMMAND_CLASS_MULTI_CHANNEL_ASSOCIATION</commandClass>
    <commandClass>COMMAND_CLASS_MULTI_CHANNEL</commandClass>
    <commandClass>COMMAND_CLASS_APPLICATION_STATUS</commandClass>
    <commandClass>COMMAND_CLASS_PROTECTION</commandClass>
    <commandClass>COMMAND_CLASS_ALARM</commandClass>
    <commandClass>COMMAND_CLASS_SECURITY</commandClass>
    <commandClass>COMMAND_CLASS_FIRMWARE_UPDATE_MD</commandClass>
    <commandClass>COMMAND_CLASS_CENTRAL_SCENE</commandClass>
    <commandClass>COMMAND_CLASS_MARK</commandClass>
    <commandClass>COMMAND_CLASS_SWITCH_MULTILEVEL</commandClass>
  </nodeInformationFrame>
  <associationGroups class="concurrent-hash-map">
    <entry>
      <int>1</int>
      <associationGroup>
        <index>1</index>
        <maxNodes>0</maxNodes>
        <name>Lifeline</name>
        <profile1>0x0</profile1>
        <profile2>0x1</profile2>
        <commands>
          <commandClass>COMMAND_CLASS_CENTRAL_SCENE</commandClass>
          <commandClass>COMMAND_CLASS_SWITCH_BINARY</commandClass>
          <commandClass>COMMAND_CLASS_ALARM</commandClass>
          <commandClass>COMMAND_CLASS_DEVICE_RESET_LOCALLY</commandClass>
          <commandClass>COMMAND_CLASS_METER</commandClass>
        </commands>
        <associations>
          <associationMember>
            <node>1</node>
            <endpoint>1</endpoint>
          </associationMember>
        </associations>
      </associationGroup>
    </entry>
    <entry>
      <int>2</int>
      <associationGroup>
        <index>2</index>
        <maxNodes>0</maxNodes>
        <name>On/Off(S1)</name>
        <profile1>0x20</profile1>
        <profile2>0x1</profile2>
        <commands>
          <commandClass>COMMAND_CLASS_BASIC</commandClass>
        </commands>
        <associations/>
      </associationGroup>
    </entry>
    <entry>
      <int>3</int>
      <associationGroup>
        <index>3</index>
        <maxNodes>0</maxNodes>
        <name>Dimmer(S1)</name>
        <profile1>0x20</profile1>
        <profile2>0x1</profile2>
        <commands>
          <commandClass>COMMAND_CLASS_SWITCH_MULTILEVEL</commandClass>
        </commands>
        <associations/>
      </associationGroup>
    </entry>
    <entry>
      <int>4</int>
      <associationGroup>
        <index>4</index>
        <maxNodes>0</maxNodes>
        <name>On/Off(S2)</name>
        <profile1>0x20</profile1>
        <profile2>0x2</profile2>
        <commands>
          <commandClass>COMMAND_CLASS_BASIC</commandClass>
        </commands>
        <associations/>
      </associationGroup>
    </entry>
    <entry>
      <int>5</int>
      <associationGroup>
        <index>5</index>
        <maxNodes>0</maxNodes>
        <name>Dimmer(S2)</name>
        <profile1>0x20</profile1>
        <profile2>0x2</profile2>
        <commands>
          <commandClass>COMMAND_CLASS_SWITCH_MULTILEVEL</commandClass>
        </commands>
        <associations/>
      </associationGroup>
    </entry>
  </associationGroups>
  <endpoints class="concurrent-hash-map">
    <entry>
      <int>0</int>
      <endPoint>
        <deviceClass>
          <basicDeviceClass>BASIC_TYPE_ROUTING_SLAVE</basicDeviceClass>
          <genericDeviceClass>GENERIC_TYPE_SWITCH_BINARY</genericDeviceClass>
          <specificDeviceClass>SPECIFIC_TYPE_POWER_SWITCH_BINARY</specificDeviceClass>
        </deviceClass>
        <endpointId>0</endpointId>
        <secureCommandClasses/>
        <supportedCommandClasses class="concurrent-hash-map">
          <entry>
            <commandClass>COMMAND_CLASS_BASIC</commandClass>
            <COMMAND__CLASS__BASIC>
              <version>1</version>
              <instances>1</instances>
              <control>false</control>
              <versionSupported>1</versionSupported>
              <isGetSupported>true</isGetSupported>
            </COMMAND__CLASS__BASIC>
          </entry>
          <entry>
            <commandClass>COMMAND_CLASS_CENTRAL_SCENE</commandClass>
            <COMMAND__CLASS__CENTRAL__SCENE>
              <version>2</version>
              <instances>1</instances>
              <control>false</control>
              <versionSupported>2</versionSupported>
              <sceneCount>2</sceneCount>
            </COMMAND__CLASS__CENTRAL__SCENE>
          </entry>
          <entry>
            <commandClass>COMMAND_CLASS_ASSOCIATION</commandClass>
            <COMMAND__CLASS__ASSOCIATION>
              <version>2</version>
              <instances>1</instances>
              <control>false</control>
              <versionSupported>2</versionSupported>
              <maxGroups>5</maxGroups>
            </COMMAND__CLASS__ASSOCIATION>
          </entry>
          <entry>
            <commandClass>COMMAND_CLASS_PROTECTION</commandClass>
            <COMMAND__CLASS__PROTECTION>
              <version>2</version>
              <instances>1</instances>
              <control>false</control>
              <versionSupported>2</versionSupported>
              <localModes>
                <localProtection>UNPROTECTED</localProtection>
                <localProtection>PROTECTED</localProtection>
              </localModes>
              <rfModes>
                <rfProtection>UNPROTECTED</rfProtection>
                <rfProtection>NORFCONTROL</rfProtection>
              </rfModes>
            </COMMAND__CLASS__PROTECTION>
          </entry>
          <entry>
            <commandClass>COMMAND_CLASS_SWITCH_BINARY</commandClass>
            <COMMAND__CLASS__SWITCH__BINARY>
              <version>1</version>
              <instances>1</instances>
              <control>false</control>
              <versionSupported>1</versionSupported>
              <isGetSupported>true</isGetSupported>
            </COMMAND__CLASS__SWITCH__BINARY>
          </entry>
          <entry>
            <commandClass>COMMAND_CLASS_APPLICATION_STATUS</commandClass>
            <COMMAND__CLASS__APPLICATION__STATUS>
              <version>1</version>
              <instances>1</instances>
              <control>false</control>
              <versionSupported>1</versionSupported>
            </COMMAND__CLASS__APPLICATION__STATUS>
          </entry>
          <entry>
            <commandClass>COMMAND_CLASS_ZWAVEPLUS_INFO</commandClass>
            <COMMAND__CLASS__ZWAVEPLUS__INFO>
              <version>1</version>
              <instances>1</instances>
              <control>false</control>
              <versionSupported>2</versionSupported>
              <zwPlusVersion>1</zwPlusVersion>
              <zwPlusRole>ROLE_TYPE_SLAVE_ALWAYS_ON</zwPlusRole>
              <zwPlusNodeType>NODE_TYPE_ZWAVEPLUS_NODE</zwPlusNodeType>
              <isGetSupported>true</isGetSupported>
            </COMMAND__CLASS__ZWAVEPLUS__INFO>
          </entry>
          <entry>
            <commandClass>COMMAND_CLASS_DEVICE_RESET_LOCALLY</commandClass>
            <COMMAND__CLASS__DEVICE__RESET__LOCALLY>
              <version>1</version>
              <instances>1</instances>
              <control>false</control>
              <versionSupported>1</versionSupported>
            </COMMAND__CLASS__DEVICE__RESET__LOCALLY>
          </entry>
          <entry>
            <commandClass>COMMAND_CLASS_SECURITY</commandClass>
            <COMMAND__CLASS__SECURITY>
              <version>1</version>
              <instances>1</instances>
              <control>false</control>
              <versionSupported>1</versionSupported>
            </COMMAND__CLASS__SECURITY>
          </entry>
          <entry>
            <commandClass>COMMAND_CLASS_MANUFACTURER_SPECIFIC</commandClass>
            <COMMAND__CLASS__MANUFACTURER__SPECIFIC>
              <version>1</version>
              <instances>1</instances>
              <control>false</control>
              <versionSupported>2</versionSupported>
              <initSerialNumber>false</initSerialNumber>
              <deviceManufacturer>271</deviceManufacturer>
              <deviceType>1027</deviceType>
              <deviceId>4096</deviceId>
            </COMMAND__CLASS__MANUFACTURER__SPECIFIC>
          </entry>
          <entry>
            <commandClass>COMMAND_CLASS_ASSOCIATION_GRP_INFO</commandClass>
            <COMMAND__CLASS__ASSOCIATION__GRP__INFO>
              <version>1</version>
              <instances>1</instances>
              <control>false</control>
              <versionSupported>1</versionSupported>
              <autoSubscribeGroups>
                <int>1</int>
              </autoSubscribeGroups>
            </COMMAND__CLASS__ASSOCIATION__GRP__INFO>
          </entry>
          <entry>
            <commandClass>COMMAND_CLASS_MULTI_CHANNEL_ASSOCIATION</commandClass>
            <COMMAND__CLASS__MULTI__CHANNEL__ASSOCIATION>
              <version>3</version>
              <instances>1</instances>
              <control>false</control>
              <versionSupported>3</versionSupported>
              <maxGroups>5</maxGroups>
            </COMMAND__CLASS__MULTI__CHANNEL__ASSOCIATION>
          </entry>
          <entry>
            <commandClass>COMMAND_CLASS_FIRMWARE_UPDATE_MD</commandClass>
            <COMMAND__CLASS__FIRMWARE__UPDATE__MD>
              <version>1</version>
              <instances>1</instances>
              <control>false</control>
              <versionSupported>3</versionSupported>
            </COMMAND__CLASS__FIRMWARE__UPDATE__MD>
          </entry>
          <entry>
            <commandClass>COMMAND_CLASS_VERSION</commandClass>
            <COMMAND__CLASS__VERSION>
              <version>2</version>
              <instances>1</instances>
              <control>false</control>
              <versionSupported>2</versionSupported>
              <libraryType>LIB_SLAVE_ENHANCED</libraryType>
              <protocolVersion>4.24</protocolVersion>
              <applicationVersion>3.3</applicationVersion>
              <hardwareVersion>3</hardwareVersion>
            </COMMAND__CLASS__VERSION>
          </entry>
          <entry>
            <commandClass>COMMAND_CLASS_MULTI_CHANNEL</commandClass>
            <COMMAND__CLASS__MULTI__CHANNEL>
              <version>2</version>
              <instances>1</instances>
              <control>false</control>
              <versionSupported>4</versionSupported>
              <useDestEndpointAsSource>false</useDestEndpointAsSource>
              <endpointsAreTheSameDeviceClass>false</endpointsAreTheSameDeviceClass>
            </COMMAND__CLASS__MULTI__CHANNEL>
          </entry>
          <entry>
            <commandClass>COMMAND_CLASS_ALARM</commandClass>
            <COMMAND__CLASS__ALARM>
              <version>5</version>
              <instances>1</instances>
              <control>false</control>
              <versionSupported>5</versionSupported>
              <alarms>
                <entry>
                  <alarmType>POWER_MANAGEMENT</alarmType>
                  <alarmState>
                    <alarmType>POWER_MANAGEMENT</alarmType>
                    <reportedEvents/>
                    <outer-class reference="../../../.."/>
                  </alarmState>
                </entry>
                <entry>
                  <alarmType>HEAT</alarmType>
                  <alarmState>
                    <alarmType>HEAT</alarmType>
                    <reportedEvents/>
                    <outer-class reference="../../../.."/>
                  </alarmState>
                </entry>
              </alarms>
              <v1Supported>true</v1Supported>
              <isGetSupported>true</isGetSupported>
            </COMMAND__CLASS__ALARM>
          </entry>
          <entry>
            <commandClass>COMMAND_CLASS_NO_OPERATION</commandClass>
            <COMMAND__CLASS__NO__OPERATION>
              <version>1</version>
              <instances>1</instances>
              <control>false</control>
              <versionSupported>1</versionSupported>
            </COMMAND__CLASS__NO__OPERATION>
          </entry>
          <entry>
            <commandClass>COMMAND_CLASS_POWERLEVEL</commandClass>
            <COMMAND__CLASS__POWERLEVEL>
              <version>1</version>
              <instances>1</instances>
              <control>false</control>
              <versionSupported>1</versionSupported>
              <powerLevel>0</powerLevel>
              <powerTimeout>0</powerTimeout>
            </COMMAND__CLASS__POWERLEVEL>
          </entry>
          <entry>
            <commandClass>COMMAND_CLASS_CONFIGURATION</commandClass>
            <COMMAND__CLASS__CONFIGURATION>
              <version>1</version>
              <instances>1</instances>
              <control>false</control>
              <versionSupported>1</versionSupported>
              <configParameters>
                <entry>
                  <int>9</int>
                  <configurationParameter>
                    <index>9</index>
                    <size>1</size>
                    <value>1</value>
                    <readOnly>false</readOnly>
                    <writeOnly>false</writeOnly>
                  </configurationParameter>
                </entry>
                <entry>
                  <int>10</int>
                  <configurationParameter>
                    <index>10</index>
                    <size>1</size>
                    <value>0</value>
                    <readOnly>false</readOnly>
                    <writeOnly>false</writeOnly>
                  </configurationParameter>
                </entry>
                <entry>
                  <int>11</int>
                  <configurationParameter>
                    <index>11</index>
                    <size>1</size>
                    <value>0</value>
                    <readOnly>false</readOnly>
                    <writeOnly>false</writeOnly>
                  </configurationParameter>
                </entry>
                <entry>
                  <int>12</int>
                  <configurationParameter>
                    <index>12</index>
                    <size>2</size>
                    <value>50</value>
                    <readOnly>false</readOnly>
                    <writeOnly>false</writeOnly>
                  </configurationParameter>
                </entry>
                <entry>
                  <int>13</int>
                  <configurationParameter>
                    <index>13</index>
                    <size>2</size>
                    <value>5</value>
                    <readOnly>false</readOnly>
                    <writeOnly>false</writeOnly>
                  </configurationParameter>
                </entry>
                <entry>
                  <int>20</int>
                  <configurationParameter>
                    <index>20</index>
                    <size>1</size>
                    <value>2</value>
                    <readOnly>false</readOnly>
                    <writeOnly>false</writeOnly>
                  </configurationParameter>
                </entry>
                <entry>
                  <int>21</int>
                  <configurationParameter>
                    <index>21</index>
                    <size>1</size>
                    <value>0</value>
                    <readOnly>false</readOnly>
                    <writeOnly>false</writeOnly>
                  </configurationParameter>
                </entry>
                <entry>
                  <int>27</int>
                  <configurationParameter>
                    <index>27</index>
                    <size>1</size>
                    <value>15</value>
                    <readOnly>false</readOnly>
                    <writeOnly>false</writeOnly>
                  </configurationParameter>
                </entry>
                <entry>
                  <int>28</int>
                  <configurationParameter>
                    <index>28</index>
                    <size>1</size>
                    <value>0</value>
                    <readOnly>false</readOnly>
                    <writeOnly>false</writeOnly>
                  </configurationParameter>
                </entry>
                <entry>
                  <int>29</int>
                  <configurationParameter>
                    <index>29</index>
                    <size>1</size>
                    <value>0</value>
                    <readOnly>false</readOnly>
                    <writeOnly>false</writeOnly>
                  </configurationParameter>
                </entry>
                <entry>
                  <int>30</int>
                  <configurationParameter>
                    <index>30</index>
                    <size>1</size>
                    <value>0</value>
                    <readOnly>false</readOnly>
                    <writeOnly>false</writeOnly>
                  </configurationParameter>
                </entry>
                <entry>
                  <int>31</int>
                  <configurationParameter>
                    <index>31</index>
                    <size>2</size>
                    <value>255</value>
                    <readOnly>false</readOnly>
                    <writeOnly>false</writeOnly>
                  </configurationParameter>
                </entry>
                <entry>
                  <int>32</int>
                  <configurationParameter>
                    <index>32</index>
                    <size>2</size>
                    <value>0</value>
                    <readOnly>false</readOnly>
                    <writeOnly>false</writeOnly>
                  </configurationParameter>
                </entry>
                <entry>
                  <int>33</int>
                  <configurationParameter>
                    <index>33</index>
                    <size>2</size>
                    <value>99</value>
                    <readOnly>false</readOnly>
                    <writeOnly>false</writeOnly>
                  </configurationParameter>
                </entry>
                <entry>
                  <int>35</int>
                  <configurationParameter>
                    <index>35</index>
                    <size>1</size>
                    <value>0</value>
                    <readOnly>false</readOnly>
                    <writeOnly>false</writeOnly>
                  </configurationParameter>
                </entry>
                <entry>
                  <int>36</int>
                  <configurationParameter>
                    <index>36</index>
                    <size>2</size>
                    <value>255</value>
                    <readOnly>false</readOnly>
                    <writeOnly>false</writeOnly>
                  </configurationParameter>
                </entry>
                <entry>
                  <int>37</int>
                  <configurationParameter>
                    <index>37</index>
                    <size>2</size>
                    <value>0</value>
                    <readOnly>false</readOnly>
                    <writeOnly>false</writeOnly>
                  </configurationParameter>
                </entry>
                <entry>
                  <int>38</int>
                  <configurationParameter>
                    <index>38</index>
                    <size>2</size>
                    <value>99</value>
                    <readOnly>false</readOnly>
                    <writeOnly>false</writeOnly>
                  </configurationParameter>
                </entry>
                <entry>
                  <int>40</int>
                  <configurationParameter>
                    <index>40</index>
                    <size>1</size>
                    <value>3</value>
                    <readOnly>false</readOnly>
                    <writeOnly>false</writeOnly>
                  </configurationParameter>
                </entry>
                <entry>
                  <int>41</int>
                  <configurationParameter>
                    <index>41</index>
                    <size>1</size>
                    <value>0</value>
                    <readOnly>false</readOnly>
                    <writeOnly>false</writeOnly>
                  </configurationParameter>
                </entry>
                <entry>
                  <int>42</int>
                  <configurationParameter>
                    <index>42</index>
                    <size>1</size>
                    <value>0</value>
                    <readOnly>false</readOnly>
                    <writeOnly>false</writeOnly>
                  </configurationParameter>
                </entry>
                <entry>
                  <int>43</int>
                  <configurationParameter>
                    <index>43</index>
                    <size>1</size>
                    <value>0</value>
                    <readOnly>false</readOnly>
                    <writeOnly>false</writeOnly>
                  </configurationParameter>
                </entry>
                <entry>
                  <int>44</int>
                  <configurationParameter>
                    <index>44</index>
                    <size>2</size>
                    <value>600</value>
                    <readOnly>false</readOnly>
                    <writeOnly>false</writeOnly>
                  </configurationParameter>
                </entry>
                <entry>
                  <int>50</int>
                  <configurationParameter>
                    <index>50</index>
                    <size>1</size>
                    <value>20</value>
                    <readOnly>false</readOnly>
                    <writeOnly>false</writeOnly>
                  </configurationParameter>
                </entry>
                <entry>
                  <int>51</int>
                  <configurationParameter>
                    <index>51</index>
                    <size>1</size>
                    <value>10</value>
                    <readOnly>false</readOnly>
                    <writeOnly>false</writeOnly>
                  </configurationParameter>
                </entry>
                <entry>
                  <int>53</int>
                  <configurationParameter>
                    <index>53</index>
                    <size>2</size>
                    <value>100</value>
                    <readOnly>false</readOnly>
                    <writeOnly>false</writeOnly>
                  </configurationParameter>
                </entry>
                <entry>
                  <int>58</int>
                  <configurationParameter>
                    <index>58</index>
                    <size>2</size>
                    <value>3600</value>
                    <readOnly>false</readOnly>
                    <writeOnly>false</writeOnly>
                  </configurationParameter>
                </entry>
                <entry>
                  <int>59</int>
                  <configurationParameter>
                    <index>59</index>
                    <size>2</size>
                    <value>3600</value>
                    <readOnly>false</readOnly>
                    <writeOnly>false</writeOnly>
                  </configurationParameter>
                </entry>
                <entry>
                  <int>60</int>
                  <configurationParameter>
                    <index>60</index>
                    <size>1</size>
                    <value>0</value>
                    <readOnly>false</readOnly>
                    <writeOnly>false</writeOnly>
                  </configurationParameter>
                </entry>
              </configParameters>
            </COMMAND__CLASS__CONFIGURATION>
          </entry>
          <entry>
            <commandClass>COMMAND_CLASS_CRC_16_ENCAP</commandClass>
            <COMMAND__CLASS__CRC__16__ENCAP>
              <version>1</version>
              <instances>1</instances>
              <control>false</control>
              <versionSupported>1</versionSupported>
            </COMMAND__CLASS__CRC__16__ENCAP>
          </entry>
          <entry>
            <commandClass>COMMAND_CLASS_METER</commandClass>
            <COMMAND__CLASS__METER>
              <version>3</version>
              <instances>1</instances>
              <control>false</control>
              <versionSupported>3</versionSupported>
              <meterType>ELECTRIC</meterType>
              <meterScales>
                <meterScale>E_W</meterScale>
                <meterScale>E_KWh</meterScale>
              </meterScales>
              <canReset>true</canReset>
              <isGetSupported>true</isGetSupported>
              <isSupportRequestSupported>true</isSupportRequestSupported>
            </COMMAND__CLASS__METER>
          </entry>
          <entry>
            <commandClass>COMMAND_CLASS_SWITCH_MULTILEVEL</commandClass>
            <multiLevelSwitchCommandClass>
              <version>3</version>
              <instances>1</instances>
              <control>true</control>
              <versionSupported>3</versionSupported>
              <isGetSupported>true</isGetSupported>
            </multiLevelSwitchCommandClass>
          </entry>
        </supportedCommandClasses>
      </endPoint>
    </entry>
    <entry>
      <int>1</int>
      <endPoint>
        <deviceClass>
          <basicDeviceClass>BASIC_TYPE_ROUTING_SLAVE</basicDeviceClass>
          <genericDeviceClass>GENERIC_TYPE_SWITCH_BINARY</genericDeviceClass>
          <specificDeviceClass>SPECIFIC_TYPE_POWER_SWITCH_BINARY</specificDeviceClass>
        </deviceClass>
        <endpointId>1</endpointId>
        <secureCommandClasses/>
        <supportedCommandClasses class="concurrent-hash-map">
          <entry>
            <commandClass>COMMAND_CLASS_BASIC</commandClass>
            <COMMAND__CLASS__BASIC>
              <endpoint reference="../../../.."/>
              <version>0</version>
              <instances>0</instances>
              <control>false</control>
              <versionSupported>0</versionSupported>
              <isGetSupported>true</isGetSupported>
            </COMMAND__CLASS__BASIC>
          </entry>
          <entry>
            <commandClass>COMMAND_CLASS_ASSOCIATION_GRP_INFO</commandClass>
            <COMMAND__CLASS__ASSOCIATION__GRP__INFO>
              <endpoint reference="../../../.."/>
              <version>1</version>
              <instances>1</instances>
              <control>false</control>
              <versionSupported>1</versionSupported>
              <autoSubscribeGroups/>
            </COMMAND__CLASS__ASSOCIATION__GRP__INFO>
          </entry>
          <entry>
            <commandClass>COMMAND_CLASS_MULTI_CHANNEL_ASSOCIATION</commandClass>
            <COMMAND__CLASS__MULTI__CHANNEL__ASSOCIATION>
              <endpoint reference="../../../.."/>
              <version>3</version>
              <instances>1</instances>
              <control>false</control>
              <versionSupported>3</versionSupported>
              <maxGroups>3</maxGroups>
            </COMMAND__CLASS__MULTI__CHANNEL__ASSOCIATION>
          </entry>
          <entry>
            <commandClass>COMMAND_CLASS_ASSOCIATION</commandClass>
            <COMMAND__CLASS__ASSOCIATION>
              <endpoint reference="../../../.."/>
              <version>2</version>
              <instances>1</instances>
              <control>false</control>
              <versionSupported>2</versionSupported>
              <maxGroups>3</maxGroups>
            </COMMAND__CLASS__ASSOCIATION>
          </entry>
          <entry>
            <commandClass>COMMAND_CLASS_VERSION</commandClass>
            <COMMAND__CLASS__VERSION>
              <endpoint reference="../../../.."/>
              <version>2</version>
              <instances>1</instances>
              <control>false</control>
              <versionSupported>2</versionSupported>
              <libraryType>LIB_UNKNOWN</libraryType>
            </COMMAND__CLASS__VERSION>
          </entry>
          <entry>
            <commandClass>COMMAND_CLASS_SWITCH_BINARY</commandClass>
            <COMMAND__CLASS__SWITCH__BINARY>
              <endpoint reference="../../../.."/>
              <version>1</version>
              <instances>1</instances>
              <control>false</control>
              <versionSupported>1</versionSupported>
              <isGetSupported>true</isGetSupported>
            </COMMAND__CLASS__SWITCH__BINARY>
          </entry>
          <entry>
            <commandClass>COMMAND_CLASS_ZWAVEPLUS_INFO</commandClass>
            <COMMAND__CLASS__ZWAVEPLUS__INFO>
              <endpoint reference="../../../.."/>
              <version>1</version>
              <instances>1</instances>
              <control>false</control>
              <versionSupported>1</versionSupported>
              <zwPlusVersion>1</zwPlusVersion>
              <zwPlusRole>ROLE_TYPE_SLAVE_ALWAYS_ON</zwPlusRole>
              <zwPlusNodeType>NODE_TYPE_ZWAVEPLUS_NODE</zwPlusNodeType>
              <isGetSupported>true</isGetSupported>
            </COMMAND__CLASS__ZWAVEPLUS__INFO>
          </entry>
          <entry>
            <commandClass>COMMAND_CLASS_METER</commandClass>
            <COMMAND__CLASS__METER>
              <endpoint reference="../../../.."/>
              <version>3</version>
              <instances>1</instances>
              <control>false</control>
              <versionSupported>3</versionSupported>
              <meterType>ELECTRIC</meterType>
              <meterScales>
                <meterScale>E_W</meterScale>
                <meterScale>E_KWh</meterScale>
              </meterScales>
              <canReset>true</canReset>
              <isGetSupported>true</isGetSupported>
              <isSupportRequestSupported>true</isSupportRequestSupported>
            </COMMAND__CLASS__METER>
          </entry>
        </supportedCommandClasses>
      </endPoint>
    </entry>
    <entry>
      <int>2</int>
      <endPoint>
        <deviceClass>
          <basicDeviceClass>BASIC_TYPE_ROUTING_SLAVE</basicDeviceClass>
          <genericDeviceClass>GENERIC_TYPE_SWITCH_BINARY</genericDeviceClass>
          <specificDeviceClass>SPECIFIC_TYPE_POWER_SWITCH_BINARY</specificDeviceClass>
        </deviceClass>
        <endpointId>2</endpointId>
        <secureCommandClasses/>
        <supportedCommandClasses class="concurrent-hash-map">
          <entry>
            <commandClass>COMMAND_CLASS_BASIC</commandClass>
            <COMMAND__CLASS__BASIC>
              <endpoint reference="../../../.."/>
              <version>0</version>
              <instances>0</instances>
              <control>false</control>
              <versionSupported>0</versionSupported>
              <isGetSupported>true</isGetSupported>
            </COMMAND__CLASS__BASIC>
          </entry>
          <entry>
            <commandClass>COMMAND_CLASS_ASSOCIATION_GRP_INFO</commandClass>
            <COMMAND__CLASS__ASSOCIATION__GRP__INFO>
              <endpoint reference="../../../.."/>
              <version>1</version>
              <instances>1</instances>
              <control>false</control>
              <versionSupported>1</versionSupported>
              <autoSubscribeGroups/>
            </COMMAND__CLASS__ASSOCIATION__GRP__INFO>
          </entry>
          <entry>
            <commandClass>COMMAND_CLASS_MULTI_CHANNEL_ASSOCIATION</commandClass>
            <COMMAND__CLASS__MULTI__CHANNEL__ASSOCIATION>
              <endpoint reference="../../../.."/>
              <version>3</version>
              <instances>1</instances>
              <control>false</control>
              <versionSupported>3</versionSupported>
              <maxGroups>3</maxGroups>
            </COMMAND__CLASS__MULTI__CHANNEL__ASSOCIATION>
          </entry>
          <entry>
            <commandClass>COMMAND_CLASS_ASSOCIATION</commandClass>
            <COMMAND__CLASS__ASSOCIATION>
              <endpoint reference="../../../.."/>
              <version>2</version>
              <instances>1</instances>
              <control>false</control>
              <versionSupported>2</versionSupported>
              <maxGroups>3</maxGroups>
            </COMMAND__CLASS__ASSOCIATION>
          </entry>
          <entry>
            <commandClass>COMMAND_CLASS_VERSION</commandClass>
            <COMMAND__CLASS__VERSION>
              <endpoint reference="../../../.."/>
              <version>2</version>
              <instances>1</instances>
              <control>false</control>
              <versionSupported>2</versionSupported>
              <libraryType>LIB_UNKNOWN</libraryType>
            </COMMAND__CLASS__VERSION>
          </entry>
          <entry>
            <commandClass>COMMAND_CLASS_SWITCH_BINARY</commandClass>
            <COMMAND__CLASS__SWITCH__BINARY>
              <endpoint reference="../../../.."/>
              <version>1</version>
              <instances>1</instances>
              <control>false</control>
              <versionSupported>1</versionSupported>
              <isGetSupported>true</isGetSupported>
            </COMMAND__CLASS__SWITCH__BINARY>
          </entry>
          <entry>
            <commandClass>COMMAND_CLASS_ZWAVEPLUS_INFO</commandClass>
            <COMMAND__CLASS__ZWAVEPLUS__INFO>
              <endpoint reference="../../../.."/>
              <version>1</version>
              <instances>1</instances>
              <control>false</control>
              <versionSupported>1</versionSupported>
              <zwPlusVersion>1</zwPlusVersion>
              <zwPlusRole>ROLE_TYPE_SLAVE_ALWAYS_ON</zwPlusRole>
              <zwPlusNodeType>NODE_TYPE_ZWAVEPLUS_NODE</zwPlusNodeType>
              <isGetSupported>true</isGetSupported>
            </COMMAND__CLASS__ZWAVEPLUS__INFO>
          </entry>
        </supportedCommandClasses>
      </endPoint>
    </entry>
  </endpoints>
  <nodeNeighbors>
    <int>1</int>
    <int>2</int>
    <int>3</int>
  </nodeNeighbors>
  <lastReceived>2019-04-12 00:06:23.865 UTC</lastReceived>
</node>