<node>
  <homeId>0xe914308a</homeId>
  <nodeId>3</nodeId>
  <version>4</version>
  <manufacturer>0x10f</manufacturer>
  <deviceId>0x1002</deviceId>
  <deviceType>0x501</deviceType>
  <listening>true</listening>
  <frequentlyListening>false</frequentlyListening>
  <routing>true</routing>
  <security>false</security>
  <beaming>true</beaming>
  <maxBaudRate>40000</maxBaudRate>
  <sleepDelay>1000</sleepDelay>
  <nodeInformationFrame>
    <commandClass>COMMAND_CLASS_SENSOR_BINARY</commandClass>
    <commandClass>COMMAND_CLASS_MULTI_CHANNEL</commandClass>
    <commandClass>COMMAND_CLASS_ASSOCIATION</commandClass>
    <commandClass>COMMAND_CLASS_MULTI_CHANNEL_ASSOCIATION</commandClass>
    <commandClass>COMMAND_CLASS_MANUFACTURER_SPECIFIC</commandClass>
    <commandClass>COMMAND_CLASS_CONFIGURATION</commandClass>
    <commandClass>COMMAND_CLASS_VERSION</commandClass>
    <commandClass>COMMAND_CLASS_FIRMWARE_UPDATE_MD</commandClass>
    <commandClass>COMMAND_CLASS_MARK</commandClass>
    <commandClass>COMMAND_CLASS_SCENE_ACTIVATION</commandClass>
  </nodeInformationFrame>
  <associationGroups class="concurrent-hash-map">
    <entry>
      <int>1</int>
      <associationGroup>
        <index>1</index>
        <maxNodes>0</maxNodes>
        <associations>
          <associationMember>
            <node>4</node>
            <endpoint>1</endpoint>
          </associationMember>
          <associationMember>
            <node>2</node>
            <endpoint>1</endpoint>
          </associationMember>
        </associations>
      </associationGroup>
    </entry>
    <entry>
      <int>2</int>
      <associationGroup>
        <index>2</index>
        <maxNodes>0</maxNodes>
        <associations/>
      </associationGroup>
    </entry>
    <entry>
      <int>3</int>
      <associationGroup>
        <index>3</index>
        <maxNodes>0</maxNodes>
        <associations/>
      </associationGroup>
    </entry>
  </associationGroups>
  <endpoints class="concurrent-hash-map">
    <entry>
      <int>0</int>
      <endPoint>
        <deviceClass>
          <basicDeviceClass>BASIC_TYPE_ROUTING_SLAVE</basicDeviceClass>
          <genericDeviceClass>GENERIC_TYPE_SENSOR_BINARY</genericDeviceClass>
          <specificDeviceClass>SPECIFIC_TYPE_ROUTING_SENSOR_BINARY</specificDeviceClass>
        </deviceClass>
        <endpointId>0</endpointId>
        <secureCommandClasses/>
        <supportedCommandClasses class="concurrent-hash-map">
          <entry>
            <commandClass>COMMAND_CLASS_BASIC</commandClass>
            <COMMAND__CLASS__BASIC>
              <version>1</version>
              <instances>1</instances>
              <control>false</control>
              <versionSupported>1</versionSupported>
              <isGetSupported>true</isGetSupported>
            </COMMAND__CLASS__BASIC>
          </entry>
          <entry>
            <commandClass>COMMAND_CLASS_ASSOCIATION</commandClass>
            <COMMAND__CLASS__ASSOCIATION>
              <version>2</version>
              <instances>1</instances>
              <control>false</control>
              <versionSupported>2</versionSupported>
              <maxGroups>3</maxGroups>
            </COMMAND__CLASS__ASSOCIATION>
          </entry>
          <entry>
            <commandClass>COMMAND_CLASS_SENSOR_ALARM</commandClass>
            <COMMAND__CLASS__SENSOR__ALARM>
              <version>0</version>
              <instances>0</instances>
              <control>false</control>
              <versionSupported>0</versionSupported>
              <alarms>
                <entry>
                  <alarmSensorType>GENERAL</alarmSensorType>
                  <alarmSensor>
                    <alarmType>GENERAL</alarmType>
                  </alarmSensor>
                </entry>
                <entry>
                  <alarmSensorType>SMOKE</alarmSensorType>
                  <alarmSensor>
                    <alarmType>SMOKE</alarmType>
                  </alarmSensor>
                </entry>
              </alarms>
              <isGetSupported>true</isGetSupported>
              <isSupportedGetSupported>true</isSupportedGetSupported>
            </COMMAND__CLASS__SENSOR__ALARM>
          </entry>
          <entry>
            <commandClass>COMMAND_CLASS_MANUFACTURER_SPECIFIC</commandClass>
            <COMMAND__CLASS__MANUFACTURER__SPECIFIC>
              <version>1</version>
              <instances>1</instances>
              <control>false</control>
              <versionSupported>1</versionSupported>
              <initSerialNumber>false</initSerialNumber>
              <deviceManufacturer>271</deviceManufacturer>
              <deviceType>1281</deviceType>
              <deviceId>4098</deviceId>
            </COMMAND__CLASS__MANUFACTURER__SPECIFIC>
          </entry>
          <entry>
            <commandClass>COMMAND_CLASS_MULTI_CHANNEL_ASSOCIATION</commandClass>
            <COMMAND__CLASS__MULTI__CHANNEL__ASSOCIATION>
              <version>2</version>
              <instances>1</instances>
              <control>false</control>
              <versionSupported>2</versionSupported>
              <maxGroups>2</maxGroups>
            </COMMAND__CLASS__MULTI__CHANNEL__ASSOCIATION>
          </entry>
          <entry>
            <commandClass>COMMAND_CLASS_FIRMWARE_UPDATE_MD</commandClass>
            <COMMAND__CLASS__FIRMWARE__UPDATE__MD>
              <version>1</version>
              <instances>1</instances>
              <control>false</control>
              <versionSupported>1</versionSupported>
            </COMMAND__CLASS__FIRMWARE__UPDATE__MD>
          </entry>
          <entry>
            <commandClass>COMMAND_CLASS_VERSION</commandClass>
            <COMMAND__CLASS__VERSION>
              <version>1</version>
              <instances>1</instances>
              <control>false</control>
              <versionSupported>1</versionSupported>
              <libraryType>LIB_SLAVE_ENHANCED</libraryType>
              <protocolVersion>3.52</protocolVersion>
              <applicationVersion>2.1</applicationVersion>
            </COMMAND__CLASS__VERSION>
          </entry>
          <entry>
            <commandClass>COMMAND_CLASS_SENSOR_BINARY</commandClass>
            <COMMAND__CLASS__SENSOR__BINARY>
              <version>1</version>
              <instances>1</instances>
              <control>false</control>
              <versionSupported>1</versionSupported>
              <isGetSupported>true</isGetSupported>
              <types/>
            </COMMAND__CLASS__SENSOR__BINARY>
          </entry>
          <entry>
            <commandClass>COMMAND_CLASS_MULTI_CHANNEL</commandClass>
            <COMMAND__CLASS__MULTI__CHANNEL>
              <version>2</version>
              <instances>1</instances>
              <control>false</control>
              <versionSupported>2</versionSupported>
              <useDestEndpointAsSource>false</useDestEndpointAsSource>
              <endpointsAreTheSameDeviceClass>true</endpointsAreTheSameDeviceClass>
            </COMMAND__CLASS__MULTI__CHANNEL>
          </entry>
          <entry>
            <commandClass>COMMAND_CLASS_NO_OPERATION</commandClass>
            <COMMAND__CLASS__NO__OPERATION>
              <version>1</version>
              <instances>1</instances>
              <control>false</control>
              <versionSupported>1</versionSupported>
            </COMMAND__CLASS__NO__OPERATION>
          </entry>
          <entry>
            <commandClass>COMMAND_CLASS_CONFIGURATION</commandClass>
            <COMMAND__CLASS__CONFIGURATION>
              <version>1</version>
              <instances>1</instances>
              <control>false</control>
              <versionSupported>1</versionSupported>
              <configParameters>
                <entry>
                  <int>1</int>
                  <configurationParameter>
                    <index>1</index>
                    <size>2</size>
                    <value>0</value>
                    <readOnly>false</readOnly>
                    <writeOnly>false</writeOnly>
                  </configurationParameter>
                </entry>
                <entry>
                  <int>2</int>
                  <configurationParameter>
                    <index>2</index>
                    <size>2</size>
                    <value>0</value>
                    <readOnly>false</readOnly>
                    <writeOnly>false</writeOnly>
                  </configurationParameter>
                </entry>
                <entry>
                  <int>3</int>
                  <configurationParameter>
                    <index>3</index>
                    <size>1</size>
                    <value>0</value>
                    <readOnly>false</readOnly>
                    <writeOnly>false</writeOnly>
                  </configurationParameter>
                </entry>
                <entry>
                  <int>4</int>
                  <configurationParameter>
                    <index>4</index>
                    <size>1</size>
                    <value>0</value>
                    <readOnly>false</readOnly>
                    <writeOnly>false</writeOnly>
                  </configurationParameter>
                </entry>
                <entry>
                  <int>5</int>
                  <configurationParameter>
                    <index>5</index>
                    <size>1</size>
                    <value>-1</value>
                    <readOnly>false</readOnly>
                    <writeOnly>false</writeOnly>
                  </configurationParameter>
                </entry>
                <entry>
                  <int>6</int>
                  <configurationParameter>
                    <index>6</index>
                    <size>1</size>
                    <value>-1</value>
                    <readOnly>false</readOnly>
                    <writeOnly>false</writeOnly>
                  </configurationParameter>
                </entry>
                <entry>
                  <int>7</int>
                  <configurationParameter>
                    <index>7</index>
                    <size>1</size>
                    <value>255</value>
                    <readOnly>false</readOnly>
                    <writeOnly>false</writeOnly>
                  </configurationParameter>
                </entry>
                <entry>
                  <int>8</int>
                  <configurationParameter>
                    <index>8</index>
                    <size>1</size>
                    <value>255</value>
                    <readOnly>false</readOnly>
                    <writeOnly>false</writeOnly>
                  </configurationParameter>
                </entry>
                <entry>
                  <int>9</int>
                  <configurationParameter>
                    <index>9</index>
                    <size>1</size>
                    <value>0</value>
                    <readOnly>false</readOnly>
                    <writeOnly>false</writeOnly>
                  </configurationParameter>
                </entry>
                <entry>
                  <int>10</int>
                  <configurationParameter>
                    <index>10</index>
                    <size>1</size>
                    <value>20</value>
                    <readOnly>false</readOnly>
                    <writeOnly>false</writeOnly>
                  </configurationParameter>
                </entry>
                <entry>
                  <int>11</int>
                  <configurationParameter>
                    <index>11</index>
                    <size>1</size>
                    <value>200</value>
                    <readOnly>false</readOnly>
                    <writeOnly>false</writeOnly>
                  </configurationParameter>
                </entry>
                <entry>
                  <int>12</int>
                  <configurationParameter>
                    <index>12</index>
                    <size>1</size>
                    <value>8</value>
                    <readOnly>false</readOnly>
                    <writeOnly>false</writeOnly>
                  </configurationParameter>
                </entry>
                <entry>
                  <int>13</int>
                  <configurationParameter>
                    <index>13</index>
                    <size>1</size>
                    <value>0</value>
                    <readOnly>false</readOnly>
                    <writeOnly>false</writeOnly>
                  </configurationParameter>
                </entry>
                <entry>
                  <int>14</int>
                  <configurationParameter>
                    <index>14</index>
                    <size>1</size>
                    <value>0</value>
                    <readOnly>false</readOnly>
                    <writeOnly>false</writeOnly>
                  </configurationParameter>
                </entry>
              </configParameters>
            </COMMAND__CLASS__CONFIGURATION>
          </entry>
          <entry>
            <commandClass>COMMAND_CLASS_SCENE_ACTIVATION</commandClass>
            <COMMAND__CLASS__SCENE__ACTIVATION>
              <version>1</version>
              <instances>1</instances>
              <control>true</control>
              <versionSupported>1</versionSupported>
            </COMMAND__CLASS__SCENE__ACTIVATION>
          </entry>
        </supportedCommandClasses>
      </endPoint>
    </entry>
    <entry>
      <int>1</int>
      <endPoint>
        <deviceClass>
          <basicDeviceClass>BASIC_TYPE_ROUTING_SLAVE</basicDeviceClass>
          <genericDeviceClass>GENERIC_TYPE_SENSOR_BINARY</genericDeviceClass>
          <specificDeviceClass>SPECIFIC_TYPE_ROUTING_SENSOR_BINARY</specificDeviceClass>
        </deviceClass>
        <endpointId>1</endpointId>
        <secureCommandClasses/>
        <supportedCommandClasses class="concurrent-hash-map">
          <entry>
            <commandClass>COMMAND_CLASS_BASIC</commandClass>
            <COMMAND__CLASS__BASIC>
              <endpoint reference="../../../.."/>
              <version>0</version>
              <instances>0</instances>
              <control>false</control>
              <versionSupported>0</versionSupported>
              <isGetSupported>true</isGetSupported>
            </COMMAND__CLASS__BASIC>
          </entry>
          <entry>
            <commandClass>COMMAND_CLASS_SENSOR_BINARY</commandClass>
            <COMMAND__CLASS__SENSOR__BINARY>
              <endpoint reference="../../../.."/>
              <version>1</version>
              <instances>1</instances>
              <control>false</control>
              <versionSupported>1</versionSupported>
              <isGetSupported>true</isGetSupported>
              <types/>
            </COMMAND__CLASS__SENSOR__BINARY>
          </entry>
          <entry>
            <commandClass>COMMAND_CLASS_SENSOR_ALARM</commandClass>
            <COMMAND__CLASS__SENSOR__ALARM>
              <endpoint reference="../../../.."/>
              <version>0</version>
              <instances>1</instances>
              <control>false</control>
              <versionSupported>0</versionSupported>
              <alarms/>
              <isGetSupported>true</isGetSupported>
              <isSupportedGetSupported>false</isSupportedGetSupported>
            </COMMAND__CLASS__SENSOR__ALARM>
          </entry>
        </supportedCommandClasses>
      </endPoint>
    </entry>
    <entry>
      <int>2</int>
      <endPoint>
        <deviceClass>
          <basicDeviceClass>BASIC_TYPE_ROUTING_SLAVE</basicDeviceClass>
          <genericDeviceClass>GENERIC_TYPE_SENSOR_BINARY</genericDeviceClass>
          <specificDeviceClass>SPECIFIC_TYPE_ROUTING_SENSOR_BINARY</specificDeviceClass>
        </deviceClass>
        <endpointId>2</endpointId>
        <secureCommandClasses/>
        <supportedCommandClasses class="concurrent-hash-map">
          <entry>
            <commandClass>COMMAND_CLASS_BASIC</commandClass>
            <COMMAND__CLASS__BASIC>
              <endpoint reference="../../../.."/>
              <version>0</version>
              <instances>0</instances>
              <control>false</control>
              <versionSupported>0</versionSupported>
              <isGetSupported>true</isGetSupported>
            </COMMAND__CLASS__BASIC>
          </entry>
          <entry>
            <commandClass>COMMAND_CLASS_SENSOR_BINARY</commandClass>
            <COMMAND__CLASS__SENSOR__BINARY>
              <endpoint reference="../../../.."/>
              <version>1</version>
              <instances>1</instances>
              <control>false</control>
              <versionSupported>1</versionSupported>
              <isGetSupported>true</isGetSupported>
              <types/>
            </COMMAND__CLASS__SENSOR__BINARY>
          </entry>
          <entry>
            <commandClass>COMMAND_CLASS_SENSOR_ALARM</commandClass>
            <COMMAND__CLASS__SENSOR__ALARM>
              <endpoint reference="../../../.."/>
              <version>0</version>
              <instances>1</instances>
              <control>false</control>
              <versionSupported>0</versionSupported>
              <alarms/>
              <isGetSupported>true</isGetSupported>
              <isSupportedGetSupported>false</isSupportedGetSupported>
            </COMMAND__CLASS__SENSOR__ALARM>
          </entry>
        </supportedCommandClasses>
      </endPoint>
    </entry>
  </endpoints>
  <nodeNeighbors>
    <int>1</int>
    <int>2</int>
    <int>4</int>
  </nodeNeighbors>
  <lastReceived>2019-04-11 10:38:58.928 UTC</lastReceived>
</node>