{"bootDone":true,"checksums":{},"features":{"root":["feature:openhab-ui-homebuilder/[2.4.0,2.4.0]","feature:system/[4.2.1,4.2.1]","feature:openhab-runtime-base/[2.4.0,2.4.0]","feature:service/[4.2.1,4.2.1]","feature:openhab-package-standard/[2.4.0,2.4.0]","feature:log/[4.2.1,4.2.1]","feature:openhab-ui-habmin/[2.4.0,2.4.0]","feature:deployer/[4.2.1,4.2.1]","feature:openhab-binding-astro/[2.4.0,2.4.0]","feature:shell/[4.2.1,4.2.1]","feature:openhab-persistence-influxdb/[1.13.0,1.13.0]","feature:framework/[4.2.1,4.2.1]","feature:package/[4.2.1,4.2.1]","feature:diagnostic/[4.2.1,4.2.1]","feature:openhab-action-telegram/[1.13.0,1.13.0]","feature:openhab-binding-zwave/[2.4.0,2.4.0]","feature:openhab-binding-ntp/[2.4.0,2.4.0]","feature:jaas/[4.2.1,4.2.1]","feature:kar/[4.2.1,4.2.1]","feature:openhab-ui-paper/[2.4.0,2.4.0]","feature:openhab-ui-basic/[2.4.0,2.4.0]","feature:config/[4.2.1,4.2.1]","feature:openhab-transformation-map/[2.4.0,2.4.0]","feature:feature/[4.2.1,4.2.1]","feature:openhab-binding-network/[2.4.0,2.4.0]","feature:eventadmin/[4.2.1,4.2.1]","feature:instance/[4.2.1,4.2.1]","feature:bundle/[4.2.1,4.2.1]","feature:openhab-ui-habpanel/[2.4.0,2.4.0]","feature:openhab-binding-amazonechocontrol/[2.4.0,2.4.0]","feature:openhab-misc-openhabcloud/[2.4.0,2.4.0]","feature:ssh/[4.2.1,4.2.1]"]},"installed":{"root":["openhab-misc-openhabcloud/2.4.0","esh-ui/0.10.0.oh240","esh-io-transport-mdns/0.10.0.oh240","kar-condition-shell/4.2.1","openhab-transformation-map/2.4.0","esh.tp-kat.cpy-jersey-min-2.22.2/0.10.0.oh240","openhab-ui-basic/2.4.0","esh-base/0.10.0.oh240","openhab-ui-habmin/2.4.0","esh-model-persistence/0.10.0.oh240","service/4.2.1","bundle/4.2.1","openhab-package-standard/2.4.0","esh-model-script/0.10.0.oh240","system/4.2.1","esh-io-rest-voice/0.10.0.oh240","esh-model-core/0.10.0.oh240","esh-model-item-ide/0.10.0.oh240","jaas-condition-shell/4.2.1","esh-binding-ntp/0.10.0.oh240","esh-io-transport-serial-rxtx/0.10.0.oh240","instance/4.2.1","esh-binding-astro/0.10.0.oh240","framework/4.2.1","openhab-ui-habpanel/2.4.0","pax-http-service/7.2.3","openhab-ui-paper/2.4.0","esh-io-transport-serial-rfc2217/0.10.0.oh240","esh-transform-map/0.10.0.oh240","openhab-binding-ntp/2.4.0","esh-model-thing-runtime/0.10.0.oh240","openhab-binding-zwave/2.4.0","esh-model-script-ide/0.10.0.oh240","esh-model-lsp/0.10.0.oh240","esh-ui-paper/0.10.0.oh240","pax-web-core/7.2.3","kar/4.2.1","openhab-runtime-base/2.4.0","openhab-ui-homebuilder/2.4.0","pax-http-jetty/7.2.3","esh-model-sitemap-runtime/0.10.0.oh240","esh-model-thing/0.10.0.oh240","eventadmin-condition-shell/4.2.1","ssh/4.2.1","jaas-boot/4.2.1","esh.tp-jmdns/0.10.0.oh240","esh-model-sitemap/0.10.0.oh240","esh.tp-commons-net/0.10.0.oh240","log/4.2.1","config/4.2.1","esh-model-item-runtime/0.10.0.oh240","wrapper/4.2.1","bundle-condition-shell/4.2.1","openhab-binding-astro/2.4.0","esh-model-rule/0.10.0.oh240","openhab-action-telegram/1.13.0","system-condition-shell/4.2.1","openhab-runtime-certificate/2.4.0","esh-storage-json/0.10.0.oh240","esh.tp-jax-rs/0.10.0.oh240","diagnostic/4.2.1","openhab-binding-amazonechocontrol/2.4.0","esh-ui-icon/0.10.0.oh240","config-condition-shell/4.2.1","openhab-runtime-compat1x/2.4.0","esh-io-transport-serial/0.10.0.oh240","esh-io-rest-sitemap/0.10.0.oh240","feature/4.2.1","esh.tp-serial-rxtx/0.10.0.oh240","esh.tp-lsp4j/0.10.0.oh240","esh-io-console-karaf/0.10.0.oh240","deployer-condition-kar/4.2.1","http/4.2.1","esh-model-sitemap-ide/0.10.0.oh240","esh.tp-xtext-ide/0.10.0.oh240","openhab-transport-mdns/2.4.0","shell/4.2.1","openhab-binding-network/2.4.0","esh-io-rest-mdns/0.10.0.oh240","eventadmin/4.2.1","esh-ui-basic/0.10.0.oh240","esh.tp-xtext/0.10.0.oh240","pax-http/7.2.3","openhab-persistence-influxdb/1.13.0","scr-condition-bundle/4.2.1","esh-model-rule-ide/0.10.0.oh240","esh-model-rule-runtime/0.10.0.oh240","openhab-transport-http/2.4.0","esh.tp-base/0.10.0.oh240","esh-auth-oauth2client/0.10.0.oh240","jline/3.9.0","esh-model-persistence-ide/0.10.0.oh240","esh-model-script-runtime/0.10.0.oh240","esh.tp-jax-rs-min/0.10.0.oh240","jaas/4.2.1","esh-model-item/0.10.0.oh240","scr/4.2.1","pax-jetty/9.4.11.v20180605","esh-config-serial/0.10.0.oh240","openhab-transport-serial/2.4.0","feature-condition-shell/4.2.1","esh-model-thing-ide/0.10.0.oh240","esh-config-discovery-usbserial/0.10.0.oh240","esh-model-persistence-runtime/0.10.0.oh240","package/4.2.1","deployer/4.2.1"]},"repositories":["mvn:org.apache.karaf.features/framework/4.2.1/xml/features","mvn:org.apache.karaf.features/standard/4.2.1/xml/features","mvn:org.openhab.distro/distro/2.4.0/xml/features","mvn:org.openhab.distro/openhab-addons/2.4.0/xml/features"],"managed":{"root":[1,2,3,4,5,6,7,8,9,10,11,12,13,14,15,16,17,18,19,20,21,22,23,24,25,26,27,28,29,30,31,32,33,34,35,36,37,38,39,40,41,42,43,44,45,46,47,48,49,50,51,52,53,54,55,56,57,58,59,60,61,62,63,64,65,66,67,68,69,70,71,72,73,74,75,76,77,78,79,80,81,82,83,84,85,86,87,88,89,90,91,92,93,94,95,96,97,98,99,100,101,102,103,104,105,106,107,108,109,110,111,112,113,114,115,116,117,118,119,120,121,122,123,124,125,126,127,128,129,130,131,132,133,134,135,136,137,138,139,140,141,142,143,144,145,146,147,148,149,150,151,152,153,154,155,156,157,158,159,160,161,162,163,164,165,166,167,168,169,170,171,172,173,174,175,176,177,178,179,180,181,182,183,184,185,186,187,188,189,190,191,192,193,194,195,196,197,198,199,200,201,202,203,204,205,206,207,208,209,210,211,212,213,214,215,216,217,218,219,220]},"state":{"root":{"openhab-misc-openhabcloud/2.4.0":"Started","esh-ui/0.10.0.oh240":"Started","esh-io-transport-mdns/0.10.0.oh240":"Started","kar-condition-shell/4.2.1":"Started","esh.tp-kat.cpy-jersey-min-2.22.2/0.10.0.oh240":"Started","openhab-transformation-map/2.4.0":"Started","openhab-ui-basic/2.4.0":"Started","esh-base/0.10.0.oh240":"Started","openhab-ui-habmin/2.4.0":"Started","service/4.2.1":"Started","esh-model-persistence/0.10.0.oh240":"Started","bundle/4.2.1":"Started","openhab-package-standard/2.4.0":"Started","esh-model-script/0.10.0.oh240":"Started","system/4.2.1":"Started","esh-io-rest-voice/0.10.0.oh240":"Started","esh-model-item-ide/0.10.0.oh240":"Started","esh-model-core/0.10.0.oh240":"Started","jaas-condition-shell/4.2.1":"Started","esh-binding-ntp/0.10.0.oh240":"Started","esh-io-transport-serial-rxtx/0.10.0.oh240":"Started","instance/4.2.1":"Started","framework/4.2.1":"Started","esh-binding-astro/0.10.0.oh240":"Started","openhab-ui-habpanel/2.4.0":"Started","pax-http-service/7.2.3":"Started","openhab-ui-paper/2.4.0":"Started","esh-io-transport-serial-rfc2217/0.10.0.oh240":"Started","esh-transform-map/0.10.0.oh240":"Started","openhab-binding-ntp/2.4.0":"Started","esh-model-thing-runtime/0.10.0.oh240":"Started","openhab-binding-zwave/2.4.0":"Started","esh-model-script-ide/0.10.0.oh240":"Started","esh-model-lsp/0.10.0.oh240":"Started","esh-ui-paper/0.10.0.oh240":"Started","pax-web-core/7.2.3":"Started","kar/4.2.1":"Started","openhab-runtime-base/2.4.0":"Started","openhab-ui-homebuilder/2.4.0":"Started","pax-http-jetty/7.2.3":"Started","esh-model-sitemap-runtime/0.10.0.oh240":"Started","esh-model-thing/0.10.0.oh240":"Started","eventadmin-condition-shell/4.2.1":"Started","ssh/4.2.1":"Started","jaas-boot/4.2.1":"Started","esh.tp-jmdns/0.10.0.oh240":"Started","esh-model-sitemap/0.10.0.oh240":"Started","esh.tp-commons-net/0.10.0.oh240":"Started","log/4.2.1":"Started","config/4.2.1":"Started","wrapper/4.2.1":"Started","esh-model-item-runtime/0.10.0.oh240":"Started","bundle-condition-shell/4.2.1":"Started","esh-model-rule/0.10.0.oh240":"Started","openhab-binding-astro/2.4.0":"Started","openhab-action-telegram/1.13.0":"Started","system-condition-shell/4.2.1":"Started","openhab-runtime-certificate/2.4.0":"Started","esh-storage-json/0.10.0.oh240":"Started","esh.tp-jax-rs/0.10.0.oh240":"Started","diagnostic/4.2.1":"Started","openhab-binding-amazonechocontrol/2.4.0":"Started","esh-ui-icon/0.10.0.oh240":"Started","config-condition-shell/4.2.1":"Started","openhab-runtime-compat1x/2.4.0":"Started","esh-io-transport-serial/0.10.0.oh240":"Started","feature/4.2.1":"Started","esh-io-rest-sitemap/0.10.0.oh240":"Started","esh.tp-serial-rxtx/0.10.0.oh240":"Started","esh.tp-lsp4j/0.10.0.oh240":"Started","esh-io-console-karaf/0.10.0.oh240":"Started","deployer-condition-kar/4.2.1":"Started","http/4.2.1":"Started","esh-model-sitemap-ide/0.10.0.oh240":"Started","esh.tp-xtext-ide/0.10.0.oh240":"Started","openhab-transport-mdns/2.4.0":"Started","shell/4.2.1":"Started","esh-io-rest-mdns/0.10.0.oh240":"Started","openhab-binding-network/2.4.0":"Started","eventadmin/4.2.1":"Started","esh-ui-basic/0.10.0.oh240":"Started","esh.tp-xtext/0.10.0.oh240":"Started","pax-http/7.2.3":"Started","openhab-persistence-influxdb/1.13.0":"Started","scr-condition-bundle/4.2.1":"Started","esh-model-rule-ide/0.10.0.oh240":"Started","esh-model-rule-runtime/0.10.0.oh240":"Started","openhab-transport-http/2.4.0":"Started","esh.tp-base/0.10.0.oh240":"Started","esh-auth-oauth2client/0.10.0.oh240":"Started","jline/3.9.0":"Started","esh-model-persistence-ide/0.10.0.oh240":"Started","esh-model-script-runtime/0.10.0.oh240":"Started","esh.tp-jax-rs-min/0.10.0.oh240":"Started","jaas/4.2.1":"Started","esh-model-item/0.10.0.oh240":"Started","scr/4.2.1":"Started","pax-jetty/9.4.11.v20180605":"Started","esh-config-serial/0.10.0.oh240":"Started","feature-condition-shell/4.2.1":"Started","esh-model-thing-ide/0.10.0.oh240":"Started","openhab-transport-serial/2.4.0":"Started","esh-config-discovery-usbserial/0.10.0.oh240":"Started","esh-model-persistence-runtime/0.10.0.oh240":"Started","package/4.2.1":"Started","deployer/4.2.1":"Started"}}}